,company_id,signup_date,cancellation_date,name
0,101,2017-03-18,2019-10-29,Miller-Alvarez
1,102,2017-06-21,2019-09-01,Bishop-Chapman
2,103,2017-09-26,2019-11-23,"Schmidt, Shah and Myers"
3,104,2017-11-05,2020-07-08,Torres-Ryan
4,105,2017-11-12,2020-02-12,White-Miller
5,106,2017-12-01,2019-10-09,"Jennings, Miller and Marshall"
6,107,2017-12-20,2019-08-21,Santiago Group
7,108,2018-01-04,2019-11-17,Thomas-Reyes
8,109,2018-01-09,2020-04-25,Smith LLC
9,110,2018-01-16,2019-09-24,Burton-Reynolds
10,111,2018-01-18,2019-08-06,Meyer Group
11,112,2018-01-29,2020-04-08,"Garcia, Levine and Hunter"
12,113,2018-02-22,2019-08-31,"Cooper, Moore and King"
13,114,2018-02-23,2020-03-04,Pittman-Williams
14,115,2018-02-28,2019-08-08,King and Sons
15,116,2018-03-02,2020-01-19,Scott-Odonnell
16,117,2018-03-15,2020-07-07,King-Tran
17,118,2018-03-27,2019-08-25,Sanchez-Mason
18,119,2018-04-17,2020-03-08,"Frost, Henderson and Harris"
19,120,2018-05-21,2020-05-26,Snyder-Salazar
20,121,2018-05-27,2019-08-24,Carter-Grant
21,122,2018-06-09,2020-02-17,Phillips-Burnett
22,123,2018-06-25,2019-07-20,Richards Group
23,124,2018-07-17,2020-02-25,Morrison-Campbell
24,125,2018-07-19,2020-07-22,"White, Cohen and Kelley"
25,126,2018-07-19,,"Gibson, Hughes and Cortez"
26,127,2018-07-19,2019-11-24,Bryant Inc
27,128,2018-07-21,2019-12-27,"Murphy, Reyes and Edwards"
28,129,2018-07-25,2019-08-14,Barr-Griffin
29,130,2018-08-12,,"Wade, Brady and Gonzalez"
30,131,2018-08-17,2019-11-13,Randall and Sons
31,132,2018-08-20,2020-08-12,Roman-Hale
32,133,2018-08-27,2019-10-06,Lee-Jordan
33,134,2018-08-27,2019-11-08,Horton and Sons
34,135,2018-09-07,,Mcclain PLC
35,136,2018-09-11,2020-11-03,Lewis Group
36,137,2018-10-12,2020-05-03,Harris Inc
37,138,2018-10-13,,"Harper, Coleman and Sullivan"
38,139,2018-10-13,2020-05-17,Ward-Evans
39,140,2018-10-16,2020-03-16,"Keller, Fisher and Cruz"
40,141,2018-10-26,2020-06-05,Rodriguez Group
41,142,2018-10-28,2020-06-27,Crawford LLC
42,143,2018-11-02,2019-07-14,"Jenkins, Williams and Reese"
43,144,2018-11-07,2019-11-02,"Hernandez, Lopez and Klein"
44,145,2018-11-09,2019-10-24,"Williams, Miller and Johnson"
45,146,2018-11-10,2019-10-03,"Williams, Bennett and Smith"
46,147,2018-11-13,2019-08-04,Smith-Mendoza
47,148,2018-11-27,2019-12-27,Nelson LLC
48,149,2018-11-27,2020-05-30,Lewis-Rodriguez
49,150,2018-12-07,2019-11-27,"James, Gilbert and Gilmore"
50,151,2018-12-08,2020-02-26,Hardin-Lee
51,152,2018-12-08,2021-01-22,Johnson Inc
52,153,2018-12-23,,"Ramirez, Rogers and Beck"
53,154,2018-12-27,2020-01-23,Hodges-Gay
54,155,2019-01-03,2019-09-09,"George, Suarez and Rowe"
55,156,2019-01-06,,"Russell, Rodriguez and Coleman"
56,157,2019-01-09,2019-12-23,Lucas Group
57,158,2019-01-09,2019-07-05,"Brady, Robertson and Larson"
58,159,2019-01-15,,Abbott-Savage
59,160,2019-01-17,2019-09-23,Montoya-Gray
60,161,2019-01-18,2020-04-17,"Crawford, Baker and Williams"
61,162,2019-01-22,2020-04-20,Hall LLC
62,163,2019-01-26,,"Pearson, Kelly and Wells"
63,164,2019-01-26,2019-10-11,"Anderson, Hall and Perry"
64,165,2019-01-26,2020-03-20,Gonzales Group
65,166,2019-01-27,2019-11-03,"Lin, Malone and Jackson"
66,167,2019-01-31,,Washington-Howard
67,168,2019-02-06,2021-02-13,"Patel, Farmer and Gibson"
68,169,2019-02-09,2020-01-30,"Torres, Graham and Mays"
69,170,2019-02-11,,"Stewart, Bush and Rush"
70,171,2019-02-16,2020-04-12,Thomas-Fritz
71,172,2019-02-17,2020-11-23,"Torres, Trevino and Gomez"
72,173,2019-02-21,2019-08-04,Valenzuela PLC
73,174,2019-02-21,2021-03-11,"Murray, Peterson and Miller"
74,175,2019-02-23,,"Zuniga, Hanson and Hall"
75,176,2019-02-24,2020-10-14,Davis PLC
76,177,2019-02-26,2019-07-12,"Foster, Miller and Taylor"
77,178,2019-02-26,2019-10-24,Barker-Cox
78,179,2019-02-26,,Alvarado LLC
79,180,2019-02-27,2020-11-27,"Morrison, Perry and Rose"
80,181,2019-02-27,,Kemp Inc
81,182,2019-02-28,2019-11-16,Mcknight-Ramirez
82,183,2019-02-28,2020-06-24,Haley Ltd
83,184,2019-03-02,2019-10-14,"Dodson, Taylor and Pham"
84,185,2019-03-07,2019-12-19,"Mathis, Chapman and Fuller"
85,186,2019-03-09,2020-11-07,Blevins PLC
86,187,2019-03-10,2020-04-02,"Johnson, Olson and Lee"
87,188,2019-03-10,,Frazier PLC
88,189,2019-03-13,2019-12-25,Ramsey LLC
89,190,2019-03-16,2019-10-07,"Henry, Silva and Weber"
90,191,2019-03-21,2020-06-02,"Underwood, Warren and Donaldson"
91,192,2019-03-29,2019-09-09,Li PLC
92,193,2019-03-29,,Jacobson-Thompson
93,194,2019-03-29,2020-02-16,Brown PLC
94,195,2019-04-01,,Rosario-Larson
95,196,2019-04-03,2020-02-07,Zamora-Williamson
96,197,2019-04-05,,Graham Ltd
97,198,2019-04-13,2019-07-21,Kelley-Oconnor
98,199,2019-04-17,2020-08-04,Smith LLC
99,200,2019-04-18,2019-11-17,"Pena, Baker and Roman"
100,201,2019-04-21,2020-02-11,"Ramirez, Thomas and Pennington"
101,202,2019-04-23,2019-12-03,"Craig, Glass and Sweeney"
102,203,2019-04-25,2019-09-30,Adams-Cohen
103,204,2019-04-27,2019-12-16,"Stevenson, Green and Williamson"
104,205,2019-04-27,,Cunningham-Roberts
105,206,2019-04-28,2020-05-26,Sandoval-Fox
106,207,2019-04-28,2019-11-05,Richards-Rivera
107,208,2019-04-30,2020-04-17,Parker Inc
108,209,2019-05-06,2021-02-01,Gomez PLC
109,210,2019-05-07,2020-04-26,Simmons-Mckenzie
110,211,2019-05-08,2019-12-21,Thompson PLC
111,212,2019-05-10,2020-09-03,Holmes Inc
112,213,2019-05-12,,Melton Inc
113,214,2019-05-13,2019-08-06,"Garrett, Long and Thompson"
114,215,2019-05-15,,May-Lang
115,216,2019-05-15,2020-07-16,"Taylor, Hunt and Hill"
116,217,2019-05-19,2019-11-26,Bell-Morgan
117,218,2019-05-22,,Marquez-Wright
118,219,2019-05-22,2019-09-23,"Mercado, Carson and Pham"
119,220,2019-05-25,,"Peterson, Sharp and Gonzalez"
120,221,2019-05-26,,"Black, Stephens and Richards"
121,222,2019-05-26,2020-01-01,"Baldwin, Gonzales and Smith"
122,223,2019-06-01,,Walker Group
123,224,2019-06-05,2019-07-05,Keith-Davis
124,225,2019-06-08,2019-10-02,"Newman, Carter and Lowe"
125,226,2019-06-09,,Gonzalez and Sons
126,227,2019-06-13,2019-08-02,Kelly Group
127,228,2019-06-15,,Fisher Inc
128,229,2019-06-17,,"King, Parker and Carr"
129,230,2019-06-20,,"Burgess, Hicks and Sanders"
130,231,2019-06-20,,Moore Group
131,232,2019-06-23,,"Townsend, Mitchell and Perez"
132,233,2019-06-25,2021-04-16,Rodriguez PLC
133,234,2019-06-28,,Nichols Group
134,235,2019-06-30,,"Caldwell, Walker and Brooks"
135,236,2019-07-03,2019-10-26,Garcia-Payne
136,237,2019-07-03,,Johnson LLC
137,238,2019-07-04,,"Nash, Goodwin and Nolan"
138,239,2019-07-09,2019-08-04,Cole and Sons
139,240,2019-07-10,,Munoz Group
140,241,2019-07-11,,"Sanders, Ayala and Sherman"
141,242,2019-07-11,2020-08-12,Howard-Carr
142,243,2019-07-11,2019-12-13,Quinn Ltd
143,244,2019-07-13,2019-11-11,Mills-Smith
144,245,2019-07-13,2019-09-07,"Hess, Hall and Christian"
145,246,2019-07-14,2019-08-05,Garner Inc
146,247,2019-07-18,2020-05-16,Butler Group
147,248,2019-07-29,,"Chandler, Thomas and Hartman"
148,249,2019-07-30,2020-08-04,Turner-Wilson
149,250,2019-07-31,2020-04-09,"Russell, Thomas and Beck"
150,251,2019-08-05,,"Ray, Garcia and Andrade"
151,252,2019-08-07,,Barker-Sullivan
152,253,2019-08-07,,Carter-Mitchell
153,254,2019-08-12,2019-10-04,Johnson LLC
154,255,2019-08-13,2020-08-13,"Rodriguez, Miller and Lara"
155,256,2019-08-14,,Carr Inc
156,257,2019-08-16,2020-10-11,"Smith, Robinson and Wilson"
157,258,2019-08-18,2021-02-23,Castro-Watts
158,259,2019-08-19,2019-10-08,"Stone, Figueroa and Gibson"
159,260,2019-08-20,2021-01-09,"Schmidt, Green and Irwin"
160,261,2019-08-22,2019-10-26,"Wiggins, Meyers and Jones"
161,262,2019-08-25,2020-12-09,"Guerrero, Smith and Landry"
162,263,2019-08-26,2019-10-15,Garcia Ltd
163,264,2019-08-27,2020-05-07,Hobbs-Miller
164,265,2019-09-03,2020-01-01,Bowers Group
165,266,2019-09-07,2020-02-26,Rojas-Kim
166,267,2019-09-08,2020-07-22,Ward-Martin
167,268,2019-09-09,,"Powell, Page and Monroe"
168,269,2019-09-10,2020-12-15,"Torres, Mckay and Malone"
169,270,2019-09-13,2020-01-05,"Ford, Jackson and Ayala"
170,271,2019-09-19,2020-04-26,Smith-Scott
171,272,2019-09-23,2020-04-16,"Henson, Weeks and Brown"
172,273,2019-09-24,2019-09-17,"Smith, Cooper and Shaw"
173,274,2019-09-24,,Mcmillan-Ayala
174,275,2019-10-02,2021-01-20,Mcmahon-Rogers
175,276,2019-10-03,2020-05-19,"Robertson, Oliver and Villarreal"
176,277,2019-10-04,,Anderson-Carter
177,278,2019-10-04,,Chan-Campbell
178,279,2019-10-05,2020-06-25,Reynolds-Taylor
179,280,2019-10-07,,Riley-Young
180,281,2019-10-11,2020-02-18,Reyes Group
181,282,2019-10-13,,Edwards-Fischer
182,283,2019-10-14,,Rogers Inc
183,284,2019-10-16,,"Perry, Robbins and Stevenson"
184,285,2019-10-20,2020-08-06,"Wood, Horne and Berg"
185,286,2019-10-20,2020-04-17,Harper Group
186,287,2019-10-21,2020-09-09,"Herrera, Ramirez and Patterson"
187,288,2019-10-22,,"Smith, Mendez and Singh"
188,289,2019-10-24,2019-11-04,"Hansen, Jacobs and Moody"
189,290,2019-10-25,,Bailey-Thornton
190,291,2019-10-26,2021-02-28,"Gardner, Sawyer and Stevens"
191,292,2019-10-26,,Bowen-Murray
192,293,2019-10-27,2021-03-14,Nichols Inc
193,294,2019-11-04,,"Vega, Pope and Moran"
194,295,2019-11-07,,Smith-Powell
195,296,2019-11-11,2020-04-19,"Crawford, Lee and Smith"
196,297,2019-11-13,,"Carlson, Mccarthy and Brown"
197,298,2019-11-18,2020-03-17,"Wright, Lane and Macdonald"
198,299,2019-11-19,,Moreno Group
199,300,2019-11-21,2019-12-24,Miles Group
200,301,2019-11-22,2020-03-29,"Bradford, Hunter and Sanchez"
201,302,2019-11-22,,Bond-Le
202,303,2019-11-23,2020-01-22,Padilla Ltd
203,304,2019-11-26,2020-02-21,"Owens, Mitchell and Alvarez"
204,305,2019-11-28,2020-07-01,Brown and Sons
205,306,2019-11-28,2020-03-01,Baker LLC
206,307,2019-12-01,2019-11-07,Whitney and Sons
207,308,2019-12-04,2020-06-15,Chan-Miller
208,309,2019-12-05,,"Carlson, Sanchez and Anderson"
209,310,2019-12-06,,Greene Ltd
210,311,2019-12-07,,Miller Inc
211,312,2019-12-07,,Smith-Schultz
212,313,2019-12-08,2021-03-08,"Sutton, Spencer and Velasquez"
213,314,2019-12-10,2020-06-27,Salazar-Myers
214,315,2019-12-10,,Terry-Castillo
215,316,2019-12-12,2020-11-16,"Holland, Jones and Kelley"
216,317,2019-12-13,2020-03-07,"Ayala, Baker and White"
217,318,2019-12-13,2019-12-23,"Lopez, Rodriguez and Shea"
218,319,2019-12-14,,Flores-Black
219,320,2019-12-16,2021-04-02,Powell-Swanson
220,321,2019-12-17,2020-01-26,Becker Group
221,322,2019-12-19,2021-04-14,"Evans, Lawson and Harper"
222,323,2019-12-21,,"Villarreal, Watkins and Rodriguez"
223,324,2019-12-25,2020-01-29,Kim Inc
224,325,2019-12-26,,Jones and Sons
225,326,2019-12-26,2020-04-08,Valencia-Poole
226,327,2019-12-29,2020-12-25,Coffey-Stone
227,328,2019-12-31,,Long Group
228,329,2020-01-01,,Hardy-Clark
229,330,2020-01-02,2020-07-22,Bowman-Gonzalez
230,331,2020-01-03,2020-06-20,Johnson-Marshall
231,332,2020-01-04,2020-11-19,"Bowen, Williamson and Hunter"
232,333,2020-01-04,,Miles Group
233,334,2020-01-05,2020-05-25,Curtis-Burgess
234,335,2020-01-05,2019-12-17,Kirby Group
235,336,2020-01-05,2020-06-05,"Lee, Flores and Bauer"
236,337,2020-01-05,,Johnson-Fletcher
237,338,2020-01-05,,"Vasquez, Newman and Roach"
238,339,2020-01-07,,Lawson-Mccarthy
239,340,2020-01-07,2020-03-03,Herrera-Garcia
240,341,2020-01-10,2020-06-20,Pierce Ltd
241,342,2020-01-10,2020-12-13,Davis Ltd
242,343,2020-01-11,,"Gray, Miller and Jones"
243,344,2020-01-14,,"Clements, Miller and Russell"
244,345,2020-01-14,2020-02-17,Castillo-Parsons
245,346,2020-01-16,,"Smith, King and Cantrell"
246,347,2020-01-16,,Lane-Woods
247,348,2020-01-16,,"Vega, Peters and Spence"
248,349,2020-01-17,,"Green, Howard and Colon"
249,350,2020-01-19,,Harris Group
250,351,2020-01-19,,Sanchez Group
251,352,2020-01-20,,Tate PLC
252,353,2020-01-20,2020-02-21,Moore PLC
253,354,2020-01-23,,Davenport PLC
254,355,2020-01-23,2020-10-17,Black and Sons
255,356,2020-01-24,,Brown-Tran
256,357,2020-01-24,2020-02-23,Rodriguez Group
257,358,2020-01-25,,"Reynolds, James and Tran"
258,359,2020-01-28,,Martinez Group
259,360,2020-01-29,,Kirk-Flores
260,361,2020-02-01,2020-12-04,Brown-May
261,362,2020-02-01,2020-06-07,George-Thomas
262,363,2020-02-03,,Cohen PLC
263,364,2020-02-03,2020-08-02,"Butler, York and Garcia"
264,365,2020-02-04,,Jones-Scott
265,366,2020-02-04,,Scott-Houston
266,367,2020-02-05,2020-03-19,Stewart LLC
267,368,2020-02-05,,Rios LLC
268,369,2020-02-07,,Castillo PLC
269,370,2020-02-08,,"Kelly, Fox and Barrett"
270,371,2020-02-08,,Vang-Cooper
271,372,2020-02-09,,Morse Ltd
272,373,2020-02-09,2020-06-18,"Wilson, Chan and Hamilton"
273,374,2020-02-10,2020-12-04,"Williams, Oconnor and Dominguez"
274,375,2020-02-10,,"Estrada, Davis and Charles"
275,376,2020-02-12,,Gonzalez PLC
276,377,2020-02-12,,Cooper-Johnston
277,378,2020-02-12,,"Wilson, Benson and Patterson"
278,379,2020-02-13,2020-07-16,Collins LLC
279,380,2020-02-13,,Armstrong Ltd
280,381,2020-02-13,2021-04-09,Fernandez-Bailey
281,382,2020-02-18,,"Smith, Cannon and Carroll"
282,383,2020-02-20,,Wright LLC
283,384,2020-02-20,,"Madden, White and Harrison"
284,385,2020-02-21,,Hamilton and Sons
285,386,2020-02-21,2021-06-07,Holland PLC
286,387,2020-02-22,,Diaz-Juarez
287,388,2020-02-24,,Salazar Group
288,389,2020-02-26,,Black LLC
289,390,2020-02-27,2020-02-10,Williams-Campbell
290,391,2020-02-28,2020-09-01,Douglas and Sons
291,392,2020-02-29,,"Welch, Anderson and Griffin"
292,393,2020-02-29,,Oconnor Inc
293,394,2020-02-29,2020-12-19,Carroll-Little
294,395,2020-03-02,,Bernard-Walker
295,396,1920-03-02,,"Davis, Clark and Hayes"
296,397,2020-03-02,,"Miller, Gomez and Smith"
297,398,2020-03-04,2020-06-27,"Martin, Ortega and Thomas"
298,399,2020-03-07,2021-06-12,Perry Group
299,400,2020-03-08,,"Pitts, Russell and Brown"
300,401,2020-03-08,2020-05-09,"Hammond, Clark and Johnson"
301,402,2020-03-09,2020-09-16,Pacheco-Silva
302,403,2020-03-09,,"Carpenter, Edwards and Green"
303,404,2020-03-10,2020-09-22,"Rivera, Reed and Francis"
304,405,2020-03-10,,Glenn PLC
305,406,2020-03-11,2020-07-14,Lee-Contreras
306,407,2020-03-13,,"Lewis, Miller and Johnson"
307,408,2020-03-13,,"Lopez, Morrow and Nguyen"
308,409,2020-03-13,2020-07-29,Smith Ltd
309,410,2020-03-14,,Hubbard Group
310,411,2020-03-15,,Lopez PLC
311,412,2020-03-16,,Kim-Smith
312,413,2020-03-16,,Haas LLC
313,414,2020-03-16,,Clayton-Gilbert
314,415,2020-03-17,,Martin-Powers
315,416,2020-03-17,,"Baldwin, Thompson and Jarvis"
316,417,2020-03-18,2020-05-10,"Phelps, Lane and Jacobson"
317,418,2020-03-18,,Clark-Carr
318,419,2020-03-19,,"Weiss, Johnson and Taylor"
319,420,2020-03-20,,Lee-Howell
320,421,2020-03-23,2020-09-29,"Ferguson, Mills and Lopez"
321,422,2020-03-24,,Moore Inc
322,423,2020-03-25,2020-04-17,"Warren, Jones and Williams"
323,424,2020-03-26,,"Foster, Mccarthy and Schwartz"
324,425,2020-03-27,,Wells LLC
325,426,2020-03-30,,Mueller-Valdez
326,427,2020-03-30,,"Wade, Roberts and Walker"
327,428,2020-03-31,,Watson PLC
328,429,2020-04-02,,"Robinson, Peterson and Murray"
329,430,2020-04-03,2020-06-10,Hebert-Stephens
330,431,2020-04-03,2020-06-25,"Mann, Hensley and Alexander"
331,432,2020-04-04,2020-04-28,Ellis Inc
332,433,2020-04-05,,Booth-Campbell
333,434,2020-04-05,,"Salazar, Andrews and George"
334,435,2020-04-06,,Smith Ltd
335,436,2020-04-08,,Schultz and Sons
336,437,2020-04-11,2020-12-28,Williams-Bryan
337,438,2020-04-12,2020-10-21,Brown PLC
338,439,2020-04-13,,"Davis, Gutierrez and Smith"
339,440,2020-04-13,,Martin PLC
340,441,2020-04-14,2020-12-21,Perez-Gonzalez
341,442,2020-04-17,,"Howell, Rivera and Barnes"
342,443,2020-04-18,2020-07-06,Jones-Fuller
343,444,2020-04-18,,Walker Group
344,445,2020-04-19,2020-08-20,"Esparza, Sullivan and Harper"
345,446,2020-04-19,,Chapman-Harper
346,447,2020-04-20,2020-11-27,"Wheeler, Morton and Harrell"
347,448,2020-04-20,,Kelly LLC
348,449,2020-04-22,2020-07-03,Moore PLC
349,450,2020-04-24,2020-09-23,Hughes LLC
350,451,2020-04-25,2020-06-19,"Baker, Copeland and Spencer"
351,452,2020-04-26,,Graves-Turner
352,453,2020-04-27,2020-11-22,"Armstrong, Kim and Adams"
353,454,2020-04-30,,"Hansen, Carr and Goodman"
354,455,2020-04-30,,Bryan PLC
355,456,2020-05-01,,Brown Inc
356,457,2020-05-01,,Chen-Freeman
357,458,2020-05-04,2020-09-19,Howard-Yang
358,459,2020-05-04,,"Nguyen, Hansen and Miles"
359,460,2020-05-04,,Morris and Sons
360,461,2020-05-06,,Welch and Sons
361,462,2020-05-08,2021-01-30,Chavez-Howell
362,463,2020-05-08,,"Foster, Mason and Davila"
363,464,2020-05-09,,Russell PLC
364,465,2020-05-10,,"Ramos, Clarke and Rodriguez"
365,466,2020-05-10,,Ray PLC
366,467,2020-05-11,2020-09-29,Reed LLC
367,468,2020-05-12,,"Gaines, Green and Smith"
368,469,2020-05-12,2020-10-04,Rodriguez-Watson
369,470,2020-05-13,2021-05-03,"Robinson, Cherry and Daniels"
370,471,2020-05-14,2020-07-05,"Hernandez, Fisher and Kramer"
371,472,2020-05-14,,Hawkins LLC
372,473,2020-05-15,,Hooper-Wilson
373,474,2020-05-15,,House PLC
374,475,2020-05-15,,Beard-Flores
375,476,2020-05-17,,"Mendoza, Graham and Quinn"
376,477,2020-05-18,2020-12-09,Hampton-Torres
377,478,2020-05-19,,Rocha PLC
378,479,2020-05-19,2020-06-04,Martin PLC
379,480,2020-05-19,2021-06-05,"Bell, Young and Curry"
380,481,2020-05-19,,Bullock-Bell
381,482,2020-05-21,,"Cole, Torres and Cook"
382,483,2020-05-23,2020-09-11,Zuniga Ltd
383,484,2020-05-23,,"Perry, Cox and Reed"
384,485,2020-05-26,,Hernandez LLC
385,486,2020-05-27,,"Collier, Beck and Johnson"
386,487,2020-05-27,,Baker-Lee
387,488,2020-05-28,,Sheppard-Jones
388,489,2020-05-29,2021-01-29,Aguirre-Burton
389,490,2020-06-01,2020-08-03,Bailey-Moore
390,491,2020-06-02,,"Stephens, Jackson and Suarez"
391,492,2020-06-03,,Woodward-Jimenez
392,493,2020-06-03,,Douglas Ltd
393,494,2020-06-04,2021-02-01,Lee-Savage
394,495,2020-06-04,2020-10-19,Stephens-Glenn
395,496,2020-06-06,,Simmons and Sons
396,497,2020-06-07,2020-09-09,Stewart-Buchanan
397,498,2020-06-08,,Miller-Clark
398,499,2020-06-08,,Hudson-Hernandez
399,500,2020-06-08,,"Wilson, Wilson and Thompson"
400,501,2020-06-08,,Carter Inc
401,502,2020-06-10,,"Coleman, Shaw and Butler"
402,503,2020-06-11,2021-04-12,Baldwin-Pacheco
403,504,2020-06-16,2020-09-11,Peterson-Brown
404,505,2020-06-17,,Banks-Little
405,506,2020-06-18,,Dixon-Smith
406,507,2020-06-19,2020-08-19,"Owen, Wade and Martinez"
407,508,2020-06-19,,Walters-Martin
408,509,2020-06-19,,"White, Roy and Dyer"
409,510,2020-06-19,,Dominguez-Franco
410,511,2020-06-20,2020-11-08,Hinton Group
411,512,2020-06-21,,"Guerra, Lewis and Flores"
412,513,2020-06-24,,"Cook, Campos and Villarreal"
413,514,2020-06-26,2021-02-17,Davis Inc
414,515,2020-06-27,,Simpson Group
415,516,2020-06-27,,"Harris, Davis and Flores"
416,517,2020-06-27,,"Huynh, Brennan and Leach"
417,518,2020-06-27,,"Wallace, Jenkins and Foley"
418,519,2020-06-27,,"Meyer, Wilson and Wise"
419,520,2020-06-27,,Nelson-Rogers
420,521,2020-06-27,,Davidson LLC
421,522,2020-06-29,,"Spence, Henderson and Perez"
422,523,2020-06-30,,Martin and Sons
423,524,2020-07-01,2020-08-17,"Simmons, Callahan and Sandoval"
424,525,2020-07-02,2021-02-09,"Watkins, Hogan and Gomez"
425,526,2020-07-02,,"Chen, Ward and Sullivan"
426,527,2020-07-03,,Chapman-Nicholson
427,528,2020-07-04,2020-11-10,Ray LLC
428,529,2020-07-06,,Ray Group
429,530,2020-07-06,,Cox-Harrell
430,531,2020-07-07,,Frazier-Richardson
431,532,2020-07-08,,Carpenter-Manning
432,533,2020-07-09,,"Kline, Lewis and Carroll"
433,534,2020-07-10,,"Collins, Bradley and Johnson"
434,535,2020-07-11,,"Romero, Jones and Byrd"
435,536,2020-07-11,2020-07-22,"Rios, Lee and Bowen"
436,537,2020-07-12,,"Johnson, Griffith and Reid"
437,538,2020-07-13,,Miller and Sons
438,539,2020-07-13,2020-08-22,Johnson PLC
439,540,2020-07-13,,Mckenzie Ltd
440,541,2020-07-14,2020-11-20,York Group
441,542,2020-07-14,,"Brooks, Stevens and Nelson"
442,543,2020-07-14,,Boyle-Stevens
443,544,2020-07-15,,Smith LLC
444,545,2020-07-16,,Santos-Simmons
445,546,2020-07-18,,Adams and Sons
446,547,2020-07-18,,"Kirby, Gilmore and Lawrence"
447,548,2020-07-18,,Moss LLC
448,549,2020-07-19,,Whitney Inc
449,550,2020-07-19,,Hughes and Sons
450,551,2020-07-22,2021-06-03,Soto-Hendrix
451,552,2020-07-23,,Conley-Hebert
452,553,2020-07-23,2021-06-14,Peterson Ltd
453,554,2020-07-24,,Randolph and Sons
454,555,2020-07-24,,Campbell and Sons
455,556,2020-07-25,,Cortez Inc
456,557,2020-07-26,2021-03-13,"Wilson, Bradley and Bishop"
457,558,2020-07-27,,Nelson Ltd
458,559,2020-07-27,,Taylor Ltd
459,560,2020-07-27,2021-05-23,Hardy-Jordan
460,561,2020-07-27,2020-09-25,Davis Ltd
461,562,2020-07-28,,"Whitney, Howe and Alexander"
462,563,2020-07-28,,Calhoun PLC
463,564,2020-07-28,,Johnson PLC
464,565,2020-07-31,,"Adkins, Griffith and Kelly"
465,566,2020-07-31,,Serrano and Sons
466,567,2020-08-01,,"Walker, Sanchez and Howard"
467,568,2020-08-02,,"Lewis, Hood and Thompson"
468,569,2020-08-03,2021-01-15,Williams-Haas
469,570,2020-08-04,,"Wilson, Hill and Davis"
470,571,2020-08-04,,Wong-Turner
471,572,2020-08-05,,Powell LLC
472,573,2020-08-06,,Miller Inc
473,574,2020-08-08,,Duncan-Contreras
474,575,2020-08-09,2021-02-27,Hamilton LLC
475,576,2020-08-09,,Sandoval-Hawkins
476,577,2020-08-09,,Barajas-Shaw
477,578,2020-08-10,,"Schmidt, Williams and Miller"
478,579,2020-08-11,,West-Tate
479,580,2020-08-11,2020-08-08,Baker-Christian
480,581,2020-08-11,,"Mann, Cox and Vasquez"
481,582,2020-08-11,,"Flynn, Welch and Johnson"
482,583,2020-08-12,,"Hughes, Miller and Hanna"
483,584,2020-08-13,2020-09-19,Manning-Cobb
484,585,2020-08-13,,Marshall PLC
485,586,2020-08-14,,Maynard Ltd
486,587,2020-08-17,,"Sutton, Lopez and Stuart"
487,588,2020-08-17,,Weeks-Logan
488,589,2020-08-17,,Ashley PLC
489,590,2020-08-18,,"Smith, Williams and Patrick"
490,591,2020-08-18,,Santos Ltd
491,592,2020-08-18,,Villegas-Simmons
492,593,2020-08-19,,Randolph-Jackson
493,594,2020-08-19,,Hall-Koch
494,595,2020-08-22,,Donaldson LLC
495,596,2020-08-23,,"Johnson, Greene and Villarreal"
496,597,2020-08-23,2020-11-13,"Booth, Morris and Griffin"
497,598,2020-08-23,,Davis-Gibbs
498,599,2020-08-24,,Schwartz and Sons
499,600,2020-08-25,2020-09-07,"Boone, Nguyen and Roberts"
500,601,2020-08-25,,"Miller, Moran and Perez"
501,602,2020-08-26,,"Moon, Matthews and Higgins"
502,603,2020-08-28,2020-11-24,Holden LLC
503,604,2020-08-29,,Hughes PLC
504,605,2020-08-30,,Escobar PLC
505,606,2020-08-31,,Hernandez-Davis
506,607,2020-09-01,,Phillips Inc
507,608,2020-09-01,,"Davis, Silva and Martinez"
508,609,2020-09-02,,"Peters, Bryant and Miller"
509,610,2020-09-03,,"Edwards, Perry and Day"
510,611,2020-09-03,,Luna-Valenzuela
511,612,2020-09-04,2021-03-01,Murphy and Sons
512,613,2020-09-04,2021-03-01,"Black, Walters and Hoover"
513,614,2020-09-06,,"Harris, Martin and Cooke"
514,615,2020-09-07,,Lewis-Williams
515,616,2020-09-08,,"Lam, Bailey and Rose"
516,617,2020-09-09,2020-10-10,"Ross, Richard and Curry"
517,618,2020-09-10,,"Valenzuela, Anderson and Gomez"
518,619,2020-09-10,,Tate Ltd
519,620,2020-09-11,,Bowers Inc
520,621,2020-09-12,2020-10-01,Mcconnell Inc
521,622,2020-09-13,2020-09-16,"Soto, Dawson and Dickerson"
522,623,2020-09-13,,Blair-Elliott
523,624,2020-09-14,,"Johnson, Murphy and Moore"
524,625,2020-09-14,,Castro-Green
525,626,2020-09-16,,Butler PLC
526,627,2020-09-17,,"Burton, Jones and Martin"
527,628,2020-09-18,,Kennedy-Wood
528,629,2020-09-18,2020-11-11,"Williams, Anderson and Parks"
529,630,2020-09-18,,"Larson, Woods and Wiley"
530,631,2020-09-19,,Munoz-Crawford
531,632,2020-09-19,2021-01-05,"Rich, Monroe and Smith"
532,633,2020-09-19,2021-02-17,"Wilkinson, Cook and Decker"
533,634,2020-09-20,,Martinez-Jones
534,635,2020-09-21,,"Sheppard, Moore and Cardenas"
535,636,2020-09-23,,"Cline, Ruiz and Tran"
536,637,2020-09-23,2021-02-16,Moyer-Cameron
537,638,2020-09-24,,"Garner, Holt and Stone"
538,639,2020-09-24,,Walker LLC
539,640,2020-09-25,2021-02-20,"Walker, Edwards and Charles"
540,641,2020-09-26,,Kirby LLC
541,642,2020-09-27,,Huff-Padilla
542,643,2020-09-27,,"Evans, Carlson and Hanson"
543,644,2020-09-28,,"Adams, Carr and Todd"
544,645,2020-09-28,,Miller Group
545,646,2020-10-01,,Perez-Vega
546,647,2020-10-01,2021-01-07,Brooks-Mcguire
547,648,2020-10-04,,Kent Ltd
548,649,2020-10-04,2021-04-09,"Mccormick, Patterson and Costa"
549,650,2020-10-06,,Mitchell-Leach
550,651,2020-10-07,,"Barnett, Li and Jones"
551,652,2020-10-09,,Munoz PLC
552,653,2020-10-09,,Collins-Fitzpatrick
553,654,2020-10-09,,"Reid, Robbins and Wiley"
554,655,2020-10-10,2021-05-08,French-Baker
555,656,2020-10-11,,Campos-Floyd
556,657,2020-10-11,,Hodge Inc
557,658,2020-10-15,,"Duncan, Brooks and Schmidt"
558,659,2020-10-16,2021-03-19,Brown and Sons
559,660,2020-10-16,,"Collins, Russo and Rojas"
560,661,2020-10-17,2021-02-05,"Anderson, Tucker and Lutz"
561,662,2020-10-17,,Anderson-Hodge
562,663,2020-10-17,,Thomas-Haynes
563,664,2020-10-18,,Andrews PLC
564,665,2020-10-19,,Scott Group
565,666,2020-10-19,,Wallace Ltd
566,667,2020-10-19,,Robertson-Simmons
567,668,2020-10-20,2021-01-23,Stone-Estrada
568,669,2020-10-21,2021-06-16,Castillo LLC
569,670,2020-10-22,2021-02-27,"Garcia, Smith and Ray"
570,671,2020-10-22,,"Gay, Caldwell and Wyatt"
571,672,2020-10-23,,Moore Group
572,673,2020-10-24,,"Wilson, Stout and Flores"
573,674,2020-10-25,,White-Costa
574,675,2020-10-25,,"Anderson, Rogers and Hall"
575,676,2020-10-26,,Baker and Sons
576,677,2020-10-26,,Wood-Cain
577,678,2020-10-26,2020-08-28,"Reed, Singh and Smith"
578,679,2020-10-26,,Johnson LLC
579,680,2020-10-27,,Jones PLC
580,681,2020-10-27,,"Booth, Love and Gallagher"
581,682,2020-10-27,,Kerr-Hall
582,683,2020-10-27,,Sanchez-Frazier
583,684,2020-10-27,,"Hicks, Bates and Perez"
584,685,2020-10-28,,"Randolph, Murphy and Green"
585,686,2020-10-28,,Ayala LLC
586,687,2020-10-28,,Paul-White
587,688,2020-10-30,,"Smith, Jordan and Sandoval"
588,689,2020-10-31,,Blankenship Ltd
589,690,2020-10-31,,Cole-Wells
590,691,2020-10-31,,Melendez-Young
591,692,2020-11-01,,"Garcia, Stephens and Jones"
592,693,2020-11-02,,Parks PLC
593,694,2020-11-02,,Cooper LLC
594,695,2020-11-03,2020-11-02,"Snyder, Cordova and Wright"
595,696,2020-11-04,,"Wise, Brown and Huynh"
596,697,2020-11-05,,Johnston-Humphrey
597,698,2020-11-05,,"Davis, Burns and Cox"
598,699,2020-11-05,,"Smith, Hall and Peters"
599,700,2020-11-06,,Jones-Carr
600,701,2020-11-08,,"Goodman, Williams and Jackson"
601,702,2020-11-09,,Odonnell-Bennett
602,703,2020-11-09,,Mcguire Ltd
603,704,2020-11-09,,Schmidt Ltd
604,705,2020-11-11,,Davis-Anderson
605,706,2020-11-11,,Shelton and Sons
606,707,2020-11-11,2021-05-28,"Sosa, Clark and Cardenas"
607,708,2020-11-12,2021-03-11,Stout-White
608,709,2020-11-12,,Smith Group
609,710,2020-11-12,,Bailey-Nelson
610,711,2020-11-13,,Greene-Meadows
611,712,2020-11-15,,"Anderson, Nelson and Simpson"
612,713,2020-11-17,,Jacobson PLC
613,714,2020-11-19,2021-06-12,Price Ltd
614,715,2020-11-20,,Collier Group
615,716,2020-11-20,,"York, Edwards and Adkins"
616,717,2020-11-20,,Sullivan Group
617,718,2020-11-21,2021-03-14,Hodge-Hayden
618,719,2020-11-22,2021-05-27,Jensen Ltd
619,720,2020-11-22,,"Beasley, Jones and Holmes"
620,721,2020-11-23,,Harris-Malone
621,722,2020-11-23,,Meyer-Smith
622,723,2020-11-25,,"Flores, Mejia and Jennings"
623,724,2020-11-26,,Nguyen Inc
624,725,2020-11-26,,Morris-Underwood
625,726,2020-11-26,,Wheeler-Hale
626,727,2020-11-26,,"Leach, Carpenter and Dominguez"
627,728,2020-11-27,2021-02-27,"Ramirez, Carr and Brown"
628,729,2020-11-27,,Baker-Allison
629,730,2020-11-28,2021-06-03,"Smith, Clark and Moreno"
630,731,2020-11-28,,Miller PLC
631,732,2020-11-29,,"Armstrong, Perkins and Lowe"
632,733,2020-11-29,2021-02-14,Norris-White
633,734,2020-12-01,,Bryant Ltd
634,735,2020-12-01,,Gonzales-Smith
635,736,2020-12-01,,Lyons PLC
636,737,2020-12-01,,West Group
637,738,2020-12-03,2021-06-10,Griffin-Johnston
638,739,2020-12-03,2020-12-29,Mcdonald-Manning
639,740,2020-12-03,2021-05-02,Diaz-Clark
640,741,2020-12-04,,Foster-Reed
641,742,2020-12-05,,Salas-Medina
642,743,2020-12-05,,King-Brown
643,744,2020-12-06,,Lee-Spencer
644,745,2020-12-07,,"Riley, Estes and Baker"
645,746,2020-12-07,2021-01-02,Ferguson PLC
646,747,2020-12-08,,Scott Ltd
647,748,2020-12-08,,Brewer-Moon
648,749,2020-12-09,,Cruz-Watts
649,750,2020-12-10,,"Petty, Osborn and Gomez"
650,751,2020-12-11,,Smith-Jackson
651,752,2020-12-11,,Schmidt-Jordan
652,753,2020-12-13,,Harper-Taylor
653,754,2020-12-13,,Gallegos-Casey
654,755,2020-12-14,,Lopez-Wilson
655,756,2020-12-15,,Glenn-Klein
656,757,2020-12-15,,Phillips PLC
657,758,2020-12-16,,Fowler-Dean
658,759,2020-12-16,2021-06-11,"Thomas, Santiago and Diaz"
659,760,2020-12-18,,"Lopez, Weaver and Sloan"
660,761,2020-12-19,,"Fields, Williamson and Jones"
661,762,2020-12-20,,Lopez-Schmidt
662,763,2020-12-20,,Odonnell Group
663,764,2020-12-24,,Luna Inc
664,765,2020-12-24,,Gutierrez-Watts
665,766,2020-12-24,2021-05-11,Fields-Rivera
666,767,2020-12-24,,Li-Kim
667,768,2020-12-25,,Campos-Reynolds
668,769,2020-12-25,,"Howell, Welch and Sanders"
669,770,2020-12-26,,Blevins-Lane
670,771,2020-12-26,,"Spencer, Watson and Carter"
671,772,2020-12-27,,"Evans, Fowler and Rivera"
672,773,2020-12-27,,"Turner, Wong and Nelson"
673,774,2020-12-30,,Rollins-Brown
674,775,2020-12-30,,Manning-Glover
675,776,2020-12-30,,Lee-Taylor
676,777,2020-12-31,,Cannon Group
677,778,2021-01-02,2021-05-28,Mcdaniel-Martin
678,779,2021-01-02,,Bullock-Harris
679,780,2021-01-04,,"Davila, Gomez and Kelly"
680,781,2021-01-04,,Calderon LLC
681,782,2021-01-05,2021-01-30,Rich-Cohen
682,783,2021-01-06,,Lopez-Snyder
683,784,2021-01-07,,Marshall-Choi
684,785,2021-01-08,2021-06-16,Smith-Chen
685,786,2021-01-08,,Kelly-Hernandez
686,787,2021-01-08,,"English, Thompson and Edwards"
687,788,2021-01-09,,Gould LLC
688,789,2021-01-11,2020-11-19,"Bartlett, Baldwin and Gomez"
689,790,1921-01-11,,"Mckinney, Rowe and Brown"
690,791,2021-01-12,,Horn-Scott
691,792,2021-01-12,2021-04-10,Proctor-Martinez
692,793,2021-01-12,,Holmes Inc
693,794,2021-01-13,,Ellis-Tyler
694,795,2021-01-15,,Brown-Martin
695,796,2021-01-16,,Thomas and Sons
696,797,2021-01-16,,"Hill, Burgess and Allen"
697,798,2021-01-17,,"Ross, Vincent and Miller"
698,799,2021-01-18,,Brown Group
699,800,2021-01-18,,Martinez Group
700,801,2021-01-20,,Collier and Sons
701,802,2021-01-20,,Bowman-Webb
702,803,2021-01-20,,Bishop and Sons
703,804,2021-01-21,,"Nunez, Ramos and Hess"
704,805,2021-01-21,,Green Ltd
705,806,2021-01-21,,Compton and Sons
706,807,2021-01-22,,"Morgan, Matthews and York"
707,808,2021-01-22,,"Turner, Stephens and Jennings"
708,809,2021-01-23,,Patel Group
709,810,2021-01-24,,Carr Group
710,811,2021-01-25,,"Flynn, Taylor and Garner"
711,812,2021-01-25,,Todd-Carpenter
712,813,2021-01-25,,"Cardenas, Riley and Briggs"
713,814,2021-01-25,2021-06-20,Peterson Group
714,815,2021-01-25,2020-12-29,Davis-Smith
715,816,2021-01-25,,Sullivan and Sons
716,817,2021-01-26,2021-06-07,Morales Group
717,818,2021-01-27,,Brown-Powell
718,819,2021-01-29,,Kennedy and Sons
719,820,2021-01-29,,Jarvis Ltd
720,821,2021-01-30,,Hunter-Rogers
721,822,2021-01-30,,White Inc
722,823,2021-01-31,,Rowe-Hubbard
723,824,2021-01-31,,"Perkins, Meyer and Henderson"
724,825,2021-01-31,,Pratt-Green
725,826,2021-01-31,,Kemp-Evans
726,827,2021-01-31,,Johnston-Cook
727,828,2021-02-01,,Hale-Tran
728,829,2021-02-01,,"Gilbert, Williams and Robertson"
729,830,2021-02-03,,"Harris, Ortega and Roberts"
730,831,2021-02-04,,"Salinas, Tran and Nelson"
731,832,2021-02-05,,Rowland Ltd
732,833,2021-02-05,,"Singh, Gilbert and Jackson"
733,834,2021-02-06,,Romero Group
734,835,2021-02-07,2021-04-23,Matthews-Adams
735,836,2021-02-07,,"Coleman, Rodgers and Harper"
736,837,2021-02-08,,Taylor LLC
737,838,2021-02-08,,Miller-Hall
738,839,2021-02-09,,Evans-Washington
739,840,2021-02-10,,"Stone, Clay and Kim"
740,841,2021-02-10,2021-03-07,"Robinson, Yoder and Kim"
741,842,2021-02-11,,Fisher-King
742,843,2021-02-12,,"Turner, Carroll and Jordan"
743,844,2021-02-13,,Barton LLC
744,845,2021-02-13,2021-05-09,Norris Inc
745,846,2021-02-13,,"Young, Hanson and Lopez"
746,847,2021-02-15,,Klein-Frank
747,848,2021-02-17,,Dunlap Ltd
748,849,2021-02-17,,Hart Inc
749,850,2021-02-18,,Smith PLC
750,851,2021-02-20,,Moody LLC
751,852,2021-02-20,,Murphy PLC
752,853,2021-02-20,,Morgan and Sons
753,854,2021-02-20,,Adams-Taylor
754,855,2021-02-21,,Sanford-Jones
755,856,2021-02-21,,King-Nichols
756,857,2021-02-22,,Matthews Group
757,858,2021-02-23,,Woods LLC
758,859,2021-02-23,,"Lee, Andrade and Hill"
759,860,2021-02-26,,Morales LLC
760,861,2021-02-26,,"Riddle, Wheeler and Taylor"
761,862,2021-02-26,2021-04-14,Allison Ltd
762,863,2021-02-26,,Wilson LLC
763,864,2021-02-27,,"Shaw, Santos and Parrish"
764,865,2021-02-27,2021-04-09,Medina PLC
765,866,2021-02-27,,Barron and Sons
766,867,2021-02-28,,Rodgers-Gibson
767,868,2021-03-01,,"Watts, Campbell and Parker"
768,869,2021-03-01,,"West, Anderson and Sanders"
769,870,2021-03-03,,Cooper Ltd
770,871,2021-03-04,,Crawford-Hutchinson
771,872,2021-03-04,,Hancock Ltd
772,873,2021-03-04,,Long LLC
773,874,2021-03-04,,"Lawson, Vargas and Becker"
774,875,2021-03-05,,"Lopez, Sutton and Garner"
775,876,2021-03-06,,Baxter-Nelson
776,877,2021-03-06,,"Johnson, Kelly and Lewis"
777,878,2021-03-06,,"Mack, Peters and Taylor"
778,879,2021-03-06,,Barber Ltd
779,880,2021-03-07,,Byrd-French
780,881,2021-03-07,,"Campbell, Schaefer and Rollins"
781,882,2021-03-08,,Fisher LLC
782,883,2021-03-09,,"Griffin, Eaton and Moore"
783,884,2021-03-09,,Castillo Ltd
784,885,2021-03-13,,Charles and Sons
785,886,2021-03-13,,"Jones, Gonzalez and Coleman"
786,887,2021-03-14,,Reed Ltd
787,888,2021-03-15,,"Gray, Long and Hughes"
788,889,2021-03-15,,"Cox, Ware and Vasquez"
789,890,2021-03-16,,Mclean Group
790,891,2021-03-16,,Adams Group
791,892,2021-03-16,,Stevens Group
792,893,2021-03-16,,"Ray, Downs and Perry"
793,894,2021-03-16,,"Carter, Stevens and Wyatt"
794,895,2021-03-16,,Martinez-Robinson
795,896,2021-03-17,,Hill-Dunn
796,897,2021-03-17,,Martinez-Macias
797,898,2021-03-17,,"Peterson, Rivas and Collins"
798,899,2021-03-19,,Mahoney Group
799,900,2021-03-19,2021-05-25,"Robinson, Mendoza and Stevens"
800,901,2021-03-20,,Mccarty-Hunt
801,902,2021-03-20,,Cannon and Sons
802,903,2021-03-20,,Vang Group
803,904,2021-03-21,,"Snyder, Barker and Camacho"
804,905,2021-03-21,,Huerta Group
805,906,2021-03-21,,Graham Ltd
806,907,2021-03-22,,Kelley and Sons
807,908,2021-03-22,,Gonzalez-Mcdonald
808,909,2021-03-23,,Thomas PLC
809,910,2021-03-24,,Christian Inc
810,911,2021-03-25,,"Spencer, Bryant and Hernandez"
811,912,2021-03-26,,Wagner Ltd
812,913,2021-03-27,,Smith and Sons
813,914,2021-03-27,,Morris-Holmes
814,915,2021-03-28,,Sloan Ltd
815,916,2021-03-29,,Henry Inc
816,917,2021-03-29,,"Hodge, Washington and Collier"
817,918,2021-03-29,,"Keller, Beasley and James"
818,919,2021-03-30,,Gross-Clark
819,920,2021-03-31,,"Mejia, Gould and Macias"
820,921,2021-03-31,,West Inc
821,922,2021-04-01,,Robinson and Sons
822,923,2021-04-05,,Harris-Robbins
823,924,2021-04-05,,"Bennett, Lee and Hardy"
824,925,2021-04-08,,Williams Group
825,926,2021-04-08,,"Robertson, Mendez and Lynch"
826,927,2021-04-10,,Moore LLC
827,928,2021-04-11,,Taylor and Sons
828,929,2021-04-12,,Hawkins PLC
829,930,2021-04-12,,"Ramirez, Bradley and Rhodes"
830,931,2021-04-12,,"Ross, Levy and Martinez"
831,932,2021-04-13,,Diaz Group
832,933,2021-04-13,,Edwards-Harper
833,934,2021-04-13,,Small and Sons
834,935,2021-04-15,,"Rivas, Miles and Warner"
835,936,2021-04-15,,"Turner, Alexander and Dunlap"
836,937,2021-04-15,,Morrison-Pittman
837,938,2021-04-15,,"Reed, Carter and Garrett"
838,939,2021-04-16,,Velasquez and Sons
839,940,2021-04-16,,"Smith, Park and Wheeler"
840,941,2021-04-18,,Meyer and Sons
841,942,2021-04-18,,Good-Aguirre
842,943,2021-04-20,,Hudson-Wright
843,944,2021-04-20,,Weber LLC
844,945,2021-04-22,2021-05-21,Johnson Ltd
845,946,2021-04-22,,"Peterson, Harris and Rasmussen"
846,947,2021-04-23,,Liu-Hill
847,948,2021-04-24,,"Burns, Pierce and Tran"
848,949,2021-04-25,,Jacobs PLC
849,950,2021-04-27,,"Carter, Richardson and Ayers"
850,951,2021-04-27,,Nguyen-Garcia
851,952,2021-04-28,,"Grimes, Dickson and Wise"
852,953,2021-04-29,,Cannon-Williams
853,954,2021-04-29,,Garrett Group
854,955,2021-04-29,,Weaver and Sons
855,956,2021-04-29,,"Thomas, Harrison and Nelson"
856,957,2021-04-30,,Foster-Williams
857,958,2021-05-01,,"Kim, Nichols and Allen"
858,959,2021-05-01,,Bruce-Green
859,960,2021-05-01,,"Aguilar, Davis and Reed"
860,961,2021-05-02,,"Johnson, Black and Hines"
861,962,2021-05-02,,Fleming-Flynn
862,963,2021-05-02,,Martin LLC
863,964,2021-05-03,,Jacobs Group
864,965,2021-05-03,,"Gardner, Riley and Wheeler"
865,966,2021-05-03,,Howard-Huang
866,967,2021-05-04,,Williams-Sanders
867,968,2021-05-06,,Atkinson and Sons
868,969,2021-05-07,,Thomas Inc
869,970,2021-05-08,,Allen Inc
870,971,2021-05-08,,"Jones, Delgado and James"
871,972,2021-05-09,,Mitchell-Pham
872,973,2021-05-09,,Ryan Inc
873,974,2021-05-09,,Brown Inc
874,975,2021-05-09,,"Russell, Gardner and Martin"
875,976,2021-05-11,,"Bautista, Sosa and Meyer"
876,977,2021-05-11,,Hudson-Zimmerman
877,978,2021-05-12,,Webb-Anderson
878,979,2021-05-12,,"Berger, Brown and Nelson"
879,980,2021-05-12,,"Shepard, Gallegos and Reeves"
880,981,2021-05-12,,Johnson Ltd
881,982,2021-05-13,,Thompson PLC
882,983,2021-05-14,,Lloyd-Santiago
883,984,2021-05-15,,"Daniel, Fisher and Rogers"
884,985,2021-05-15,,Reed Ltd
885,986,2021-05-16,,Nguyen-Martinez
886,987,2021-05-16,,"Stark, Wilson and Mccoy"
887,988,2021-05-17,,Davis LLC
888,989,2021-05-18,,Duarte-Deleon
889,990,2021-05-18,,"Sheppard, Morris and Johnson"
890,991,2021-05-18,,Hughes-Green
891,992,2021-05-20,,"Suarez, Grant and Kramer"
892,993,2021-05-21,,Vaughn-Chavez
893,994,2021-05-23,,Smith-Henry
894,995,2021-05-23,,Wood and Sons
895,996,2021-05-25,,Smith-Bradford
896,997,2021-05-25,,Bryant Inc
897,998,2021-05-26,,"Rodriguez, Bishop and Diaz"
898,999,2021-05-27,,Mann LLC
899,1000,2021-05-27,,Cook LLC
900,1001,2021-05-27,,Walker-Yang
901,1002,2021-05-28,,Johnson Ltd
902,1003,2021-05-28,,Horn-Wong
903,1004,2021-05-29,,Ramirez Ltd
904,1005,2021-06-02,,Johns Ltd
905,1006,2021-06-03,,Turner LLC
906,1007,2021-06-05,,Woods-Washington
907,1008,2021-06-06,,Berger-Blair
908,1009,2021-06-06,,Shepard-Patton
909,1010,2021-06-06,,"Oneal, Mcgee and Weaver"
910,1011,2021-06-07,,Woods-Waters
911,1012,2021-06-07,,Berry-Rivera
912,1013,2021-06-08,,"Burnett, Salazar and Leon"
913,1014,2021-06-08,,Roberts-Grant
914,1015,2021-06-08,,Alexander-Woods
915,1016,2021-06-08,,Scott PLC
916,1017,2021-06-09,,Parker and Sons
917,1018,2021-06-09,,Bullock-Smith
918,1019,2021-06-11,,Cohen-Watson
919,1020,2021-06-11,,Harmon LLC
920,1021,2021-06-12,,"Farrell, Powell and Davis"
921,1022,2021-06-13,,"Kennedy, Collins and Watson"
922,1023,2021-06-14,,Acevedo-Castillo
923,1024,2021-06-15,,"Burch, Harris and Herring"
924,1025,2021-06-15,,"Mendez, Sampson and Houston"
925,1026,2021-06-17,,"Simmons, Patel and Gordon"
926,1027,2021-06-17,,Flores Group
927,1028,2021-06-18,,Smith-Burch
928,1029,2021-06-18,2021-05-23,Hayes LLC
929,1030,2021-06-18,,Espinoza PLC
930,1031,2021-06-19,,Marquez Ltd
931,1032,2021-06-20,,"Andrade, Davidson and Frank"
932,1033,2021-06-20,,Conner PLC
933,1034,2021-06-20,,Richardson-Orr
934,1035,2021-06-21,,Pope Inc
935,1036,2021-06-22,,"Jacobs, White and Ortiz"
936,1037,2021-06-22,,Gallegos-Rangel
937,1038,2021-06-22,,"Vaughan, Robinson and Stewart"
938,1039,2021-06-24,,Jones-Sandoval
939,1040,2021-06-26,,"Carroll, James and Smith"
940,1041,2021-06-27,,James-Walker
941,1042,2021-06-27,,Thomas Ltd
942,1043,2021-06-27,,Wood and Sons
943,1044,2021-06-27,,Morales LLC
944,1045,2021-06-27,,Smith-Maxwell
945,1046,2021-06-28,,"Kent, Jenkins and Harris"
946,1047,2021-06-30,,Johnson-Wolf
947,1048,2021-06-30,,"Porter, Murphy and Garcia"
948,1049,2021-07-01,,Brown-Meza
949,1050,2021-07-01,,"Johnson, Robertson and Hall"
950,1051,2021-07-01,,"Brewer, Conley and Jones"
951,1052,2021-07-03,,Kim and Sons
952,1053,2021-07-03,,Carter-Cox
953,1054,2021-07-03,,Bean Group
954,1055,2021-07-03,,Cuevas-Thomas
955,1056,2021-07-05,,Roberts-Robertson
956,1057,2021-07-05,,Perkins-Rivers
957,1058,2021-07-06,,Shepherd-Davis
958,1059,2021-07-06,,Rodriguez and Sons
959,1060,2021-07-06,,"Scott, Cherry and Sandoval"
960,1061,2021-07-07,,Griffin-Russell
961,1062,2021-07-07,,Jackson Ltd
962,1063,2021-07-08,,Washington-Tapia
963,1064,2021-07-08,,Hester-Johnson
964,1065,2021-07-09,,Henry-Pearson
965,1066,2021-07-11,,"Wood, Weiss and Martinez"
966,1067,2021-07-11,,"Contreras, Harris and Garcia"
967,1068,2021-07-12,,Harvey and Sons
968,1069,2021-07-14,,Anderson-Ford
969,1070,2021-07-14,,Roth-Barrett
970,1071,2021-07-16,,Wood LLC
971,1072,2021-07-20,,"Jackson, Brock and Perez"
972,1073,2021-07-21,,"Perkins, Thomas and Brown"
973,1074,2021-07-21,,"Snyder, Allison and Duncan"
974,1075,2021-07-23,,Cook Inc
975,1076,2021-07-25,,Griffith-Anderson
976,1077,2021-07-25,,Schmitt Group
977,1078,2021-07-27,,Kramer and Sons
978,1079,2021-08-01,,Casey-Henderson
979,1080,2021-08-02,,Todd-Ruiz
980,1081,2021-08-02,,Taylor-Murphy
981,1082,2021-08-05,,Arroyo-Smith
982,1083,2021-08-06,,"Smith, Gray and Thomas"
983,1084,2021-08-06,,"Krueger, Mack and Padilla"
984,1085,2021-08-07,,Lawson-Jones
985,1086,2021-08-09,,Prince-Clark
986,1087,2021-08-09,,Diaz and Sons
987,1088,2021-08-10,,Thompson-Miller
988,1089,2021-08-14,,Huerta-Mendez
989,1090,2021-08-16,,"Wilson, Mann and Brown"
990,1091,2021-08-16,,"Nichols, Espinoza and Carpenter"
991,1092,2021-08-19,,Wade LLC
992,1093,2021-08-19,,"Jackson, Cooke and Scott"
993,1094,2021-08-19,,"Friedman, Rubio and Hartman"
994,1095,2021-08-19,,"Burton, Bowen and Smith"
995,1096,2021-08-20,,Chambers Ltd
996,1097,2021-08-21,,Phillips-Freeman
997,1098,2021-08-22,,Briggs Group
998,1099,2021-08-25,,Paul and Sons
999,1100,2021-09-06,,"Thompson, Gibson and Cole"
